"","rgreen","prop","rdead","acc","count00","count01","count10","count11","total"
"1",0.37,0.37,0.267867191896455,0.92121553179516,429,93,47,1208,1777
