"","ndmi1","prop","rdead","acc","count00","count01","count10","count11","total"
"1",0.38,0.32,0.271806415306697,0.913337084974676,427,98,56,1196,1777
