"","ndmi","prop","rdead","acc","count00","count01","count10","count11","total"
"1",0.21,0.36,0.264490714687676,0.91389983117614,421,104,49,1203,1777
