"","ndmi2","prop","rdead","acc","count00","count01","count10","count11","total"
"1",0.59,0.4,0.283624085537423,0.898142937535172,424,101,80,1172,1777
