"","ndvi","prop","rdead","acc","count00","count01","count10","count11","total"
"1",0.54,0.29,0.266741699493528,0.917276308384918,426,99,48,1204,1777
