"","rgreen","prop","rdead","acc","count00","count01","count10","count11","total"
"1",0.37,0.37,0.273494653911086,0.93190770962296,445,80,41,1211,1777
